pathway,class,
Acute Phase Response Signaling,i,pro
Antioxidant Action of Vitamin C,c,
ATM Signaling,c,
B Cell Receptor Signaling,i,pro
Cholecystokinin/Gastrin-mediated Signaling,c,
Colorectal Cancer Metastasis Signaling,c,
Cyclins and Cell Cycle Regulation,c,
Death Receptor Signaling,c,
Dendritic Cell Maturation,i,
Estrogen-mediated S-phase Entry,c,
GNRH Signaling,c,
HMGB1 Signaling,i,pro
Huntingtons Disease Signaling,o,
Hypoxia Signaling in the Cardiovascular System,o,
IL-1 Signaling,i,pro
IL-22 Signaling,i,
IL-6 Signaling,i,both-21296109
IL-8 Signaling,i,
ILK Signaling,c,
iNOS Signaling,i,
Interferon Signaling,i,?
LXR/RXR Activation,o,
MIF Regulation of Innate Immunity,i,pro
Mitotic Roles of Polo-Like Kinase,c,
NF-_B Signaling,i,?
NRF2-mediated Oxidative Stress Response,o,
p38 MAPK Signaling,i,pro?
PI3K Signaling in B Lymphocytes,i,pro?
PKC-_ Signaling in T Lymphocytes,i,pro?
PPAR Signaling,o,
Production of Nitric Oxide and Reactive Oxygen Species in Macrophages,i,
RANK Signaling in Osteoclasts,c,
Retinoic acid Mediated Apoptosis Signaling,o,
Role of BRCA1 in DNA Damage Response,c,
Role of IL-17F in Allergic Inflammatory Airway Diseases,i,pro?
Role of Pattern Recognition Receptors in Recognition of Bacteria and Viruses,i,pro
Role of RIG1-like Receptors in Antiviral Innate Immunity,i,pro
Toll-like Receptor Signaling,i,pro
TREM1 Signaling,i,
Type I Diabetes Mellitus Signaling,o,
UVA-Induced MAPK Signaling,o,
NF-_B Signaling,i,?
PKC-_ Signaling in T Lymphocytes,i,pro?